entry,weight,info,ref_dis,pers,form,bin
使他一门心思把自己的前途和清华 、北大紧连一起,5,new,10,0,ba,light
"高中毕业体检表上的""色盲""二 字把他打得晕头转向",1,old,1,10,ba,light
他把自己关在小屋里,2,old,10,10,ba,light
我就自己想办法拿个铁片把锁撬开,1,old,0.5,0,ba,light
商品经济把金钱这个活生生的东西，一下抛在人们的面前,10,old,1,0,ba,heavy
把他送入监狱的是一张支票,1,old,1,1,ba,light
我忽然想把他的这番话告诉他的父母,5,old,2,0,ba,light
丹增把'毛主席'三个字都镶入了深情的藏文颂词中,6,old,1,0,ba,medium
振学老汉把两个镶有大红喜字的镜框指点给记者,11,new,10,1,ba,heavy
把洞房挤小了,2,new,10,1,ba,light
快把鲜花给妈妈呀,2,old,0.5,0,ba,light
不懂事的孩子反而把另一条腿迈出了窗台,4,old,1,0,ba,light
一阵风把单元门撞上,3,new,10,0,ba,light
随即把自行车和坐在后衣架上的孩子往妻子身上一推,13,new,10,0,ba,heavy
就想着把孩子接住,2,old,0.5,1,ba,light
党和政府实实在在把各民族都当成祖国大家庭的成员,3,new,10,0,ba,light
把大娘放在车上,2,old,1,0,ba,light
把事情的经过说了一遍,5,old,10,0,ba,light
医院已把他老伴接来相会,3,old,2,1,ba,light
医院就派车把老太太接来＂约会＂,3,old,2,0,ba,light
集中在堤上的100多名基层干都把嗓子都喊哑了,2,new,10,0,ba,light
一个胖胖的妇女把他拉起来,1,old,1,0,ba,light
共产党把所有的办法都想尽了,5,new,10,0,ba,light
现在唯一的办法就是把产妇抬到楼顶平台上,2,old,3,0,ba,light
在眼皮底下把市场丢掉了８０%,2,new,10,0,ba,light
医治＂仓梗阻＂要把大环境、企业内因外因放在一起,9,new,10,0,ba,medium
把老百姓手里的钱回收到银行里,7,new,10,0,ba,medium
他把韩村的代表请上表彰大会的主席台,5,new,10,0,ba,light
看到人们引来的黄河水把洼地淤高了,2,new,10,0,ba,light
要求党组织把我运回兰考,1,old,1,0,ba,light
死了也要看着你们把沙丘治好,2,old,1,0,ba,light
我要把有限的生命，投入到无限的为人民服务之中去,5,old,1,0,ba,light
还把他钉在了最苦最累的五线造型的第一道工位,1,old,3,8,ba,light
每天要用气吊把１５０公斤重的砂箱推上３００多次,7,new,10,0,ba,medium
后来干脆把行李卷搬到厂里,3,new,10,0,ba,light
可到了关键时刻就把我忘了,1,old,2,1,ba,light
把一个小桶吊上去,4,new,10,0,ba,light
用扫帚小心地把积灰扫到桶里,2,new,10,0,ba,light
我不能把重活推给别人,2,new,10,0,ba,light
李放把这事放在了心上,2,old,10,0,ba,light
一定要把西延线铁路尽快建成,5,new,10,0,ba,light
把＂延安热＂推向高潮,3,new,10,0,ba,light
乡村干部冒着齐胸深的洪水把我救出来,1,old,0.5,3,ba,light
千余名口干唇燥的旅客把渴望的目光投向站台,5,new,10,0,ba,light
所以车子未到就把茶缸水壶准备好了,4,new,10,0,ba,light
他把它擦得锃亮,1,old,0.5,0,ba,light
河南省顾委副主任张赤侠代表省委、省政府把一个素洁的花环置放在山头的纪念亭前,7,new,10,0,ba,medium
还把我俩的寿木板子，我的私房钱都用到了桥上、路上,12,new,10,0,ba,heavy
我们把她接回学校,1,old,1,10,ba,light
争先恐后地把学习用品、小玩具等生日礼物递到她的手上,12,new,10,0,ba,heavy
连拉带拽把老王＂抢＂进家门,2,old,1,0,ba,light
又把秧床制作、稻种处理等操作方法讲解了几遍,13,new,10,0,ba,heavy
他们把记者的证件输入电脑,5,new,10,0,ba,light
看见三四十名捡破烂儿的男女把一台卸垃圾汽车围个水泄不通,7,new,10,1,ba,medium
司机连鸣喇叭带吆喝才勉强把车开走,1,old,0.5,1,ba,light
我把今天的事登在报纸上,4,old,10,1,ba,light
便请工作人员到会场去把在场的人员按单位、姓名逐一进行了登记,5,old,10,1,ba,light
把一只精制的花圈置放在墓碑前,7,new,10,0,ba,medium
并用手把被风吹起的挽联扶正,7,new,10,0.5,ba,medium
除了把工作做好,2,new,10,0,ba,light
还要把你们的妈妈照顾好,5,old,4,0,ba,light
焦守云转身把已经上小学的儿子拉到乔石跟前,8,new,10,1,ba,medium
把自己的孩子放到二连当兵,5,new,10,2,ba,light
本来战士的家长是想把子弟放到二连锻炼成长,2,old,5,2,ba,light
竟把一个新兵打了一顿,4,new,10,0,ba,light
不把连长放在眼里,2,old,1,2,ba,light
小郭愿意把心里话对连长倾述了,3,new,10,0,ba,light
不能把党内的批评和自我批评作风变成吹捧和自我吹捧,12,old,0.5,0,ba,heavy
首先得把农业抓上去,2,old,1,2,ba,light
要他把摔坏的洗衣机打包托运到贵阳,6,old,2,0,ba,medium
就必须把＂用户第一，信誉至上＂的经营宗旨落到实处,13,new,10,1,ba,heavy
鞍钢领导把建设８０万吨冷连轧机组的意义和困难向职工们合盘托出,16,new,10,1,ba,heavy
只需把手头紧一紧,2,new,10,0,ba,light
马球的故乡西藏却逐渐把它遗忘了,1,old,0.5,1,ba,light
把水平提高上去,2,new,10,0,ba,light
尽早把世界冠军夺回来,4,new,10,0,ba,light
当年毛主席把体育运动当成是增强人民体质的一件大事。,4,old,0.5,0,ba,light
黑河海关现场员姜伦把一份统计表交给了记者,5,new,10,0,ba,light
为什么不把订阅的报刊从桌面、柜橱，报架上搬到人行道两侧,5,old,10,0,ba,light
我今年要把６０多亩小麦和６０多亩棉花种得更好,11,new,10,1,ba,heavy
把２００多亩地让给今年要求包地的几家困难户和上岗青年,4,old,10,0,ba,light
辽宁省把辽西低产果园改造列为科技扶贫的重点工程,6,old,1,3,ba,medium
通过标准园和示范户把各项技术辐射到千家万户,4,old,0.5,0,ba,light
把招收固定工人改为招聘农民自带口粮进场承包,6,new,10,0,ba,medium
太阳刚刚把金辉撒向大地,2,new,10,0,ba,light
要把拉萨建得更加美好、清新,2,old,0.5,0,ba,light
努力把内容健康、艺术水平高的优秀影片推荐给观众,14,new,10,0,ba,heavy
天津市电影公司坚持把社会效益放在首位,4,new,10,1,ba,light
把社会效益放在首位,4,new,10,0,ba,light
也把上海的优秀剧目推向了全国,7,old,10,0,ba,medium
涌来的读者就把摊位围了个水泄不通,2,old,0.5,0,ba,light
就是把一条特制塑料圈嵌在自行车的内胎与外胎之间,7,new,10,1,ba,medium
把女性的生殖功能和性功能列入诊断截瘫的临床客观指数,11,old,10,0,ba,heavy
医生把一根长２５厘米、直径１．２毫米的中空针，穿过母亲的腹壁和子宫壁,13,new,10,0,ba,heavy
医生然后把一根塑料软管沿针孔插入,6,new,10,0.5,ba,medium
把主动脉瓣膜撑开,5,old,1,0,ba,light
这是山阳县委、县政府在把自己工作中的不足公开向群众曝光的一个场面,8,new,10,0,ba,medium
把这件事告诉全县人民,3,old,10,0,ba,light
把歹徒通向路边,2,old,1,1,ba,light
把刀放下,1,old,2,1,ba,light
相持了一阵、歹徒把手中钢刀抛向路边的民房,4,old,3,0,ba,light
一个扫蹚腿把歹徒掀翻在地,2,old,1,1,ba,light
我把老伴也带来了,2,new,10,1,ba,light
我看老哥把嫂子带上了,2,new,10,0,ba,light
把自家的服装加工业搞得再红火些,8,new,10,0,ba,medium
一下子就把江底掏空了一截,2,old,0.5,0,ba,light
然后把前一块向前顶推一段,3,old,10,0,ba,light
1962年组织上决定把他调往艰苦的龙泉县,1,old,1,1,ba,light
车站服务人员敏捷地把一块铺着红色地毯的长条木板放在车厢门口,13,new,10,0,ba,heavy
把大桥的雄伟告诉他们,5,old,10,0,ba,light
并把金光闪闪的一级英雄模范奖章戴在钱老胸前,13,new,10,0,ba,heavy
就是要把科学技术学到手,4,new,10,0.5,ba,light
我把这两样东西送到冯·卡尔老师的手里,5,old,1,1,ba,light
中共中央组织部把雷锋、焦裕禄、王进喜、史来贺跟钱学森这５个人作为解放４０年来在群众中享有崇高威望的共产党员的优秀代表,,,,,ba,light
把总书记走来的方向照得通亮,8,new,10,0,ba,medium
祖国把剑与盾交给苏宁这一代军人,3,new,10,0,ba,light
１９８１年他就大胆提出把计算机引入决策系统,3,new,10,0,ba,light
他这个普通党员把党和人民的利益融汇于胸中,7,new,10,0,ba,medium
有责任把战士们培养成开拓的一代、艰苦奋斗的一代、一心为公的一代,3,old,1,0,ba,light
市场却不肯把她那媚人的秋波送向辽宁,7,new,10,0,ba,medium
辽宁人不善于把奖牌变为名牌,2,old,1,0,ba,light
不用说把辽宁的产品打出去,5,new,10,2,ba,light
要把产品，部优、省优、国优拿来,8,new,10,0,ba,medium
但愿我们的企业不要把市场观念，竞争意识停留在口头上,8,old,1,0,ba,medium
诙谐的上海人把两者之间的竞争，幽默地称之为＂斗鸡＂,7,old,1,0,ba,medium
把广大干部群众的积极性调动起来,10,new,10,0,ba,heavy
党把你派到这里来,1,old,10,1,ba,light
他们把新春的到来作为攀登更高目标的起点,5,new,10,0,ba,light
并亲自把饺子达到工人手中,2,old,0.5,1,ba,light
还能把媳妇气跑了,2,new,10,0,ba,light
卷扬机在源源不断地把新采的煤送出,4,old,10,0,ba,light
归根结底要把经济搞上去,2,new,10,0.5,ba,light
学员们满怀深情地把延安女大比作＂母亲＂和＂太阳＂,4,old,1,5,ba,light
我想把'只是近黄昏'改为'晚霞放光辉',5,old,0.5,0,ba,light
把白面和大米省下来给老人和孩子吃,5,new,10,0,ba,light
把人民的吃菜问题作为一个工程来建设,7,new,10,0,ba,medium
客观现实把建立国际政治和经济新秩序的问题，更加尖锐地摆在全世界面前,15,new,10,0,ba,heavy
论把发展电子工业放到突出位置,6,new,10,0,ba,medium
＂商能＂又把开拓的目标及时转向国际市场,5,new,10,0,ba,light
如果把发展较快的某些亚洲发展中国家和地区以及一些富有的产油国除外,27,new,10,0,ba,heavy
日苏双方都把４月中旬戈尔巴乔夫访日作为两国改善关系的良好机会。,11,new,10,1,ba,heavy
日本将把苏联列入＂政府开发援助对象国＂,2,old,0.5,0.5,ba,light
法、美两国把分歧搁置一边,2,old,10,0,ba,light
美国则以反对把伊拉克从科威特撤军同中东其他问题相联系为由拒绝了这一方案。,3,old,10,0,ba,light
欧共体力图把两德统一进程纳入自己的轨道,6,old,2,0,ba,medium
并且把统一后的德国栓在欧共体的车队里,6,old,1,1,ba,medium
密特朗再次对这个把两德会谈置于４个战胜国会谈之前的提法,4,old,3,1,ba,light
似乎把欧洲其它国家全部排除在外,6,old,8,0,ba,medium
直至午夜的钟声把这天送走,2,old,1,0,ba,light
把擅于雄辩而清廉的海部推上了总裁和内阁首相的宝座,10,old,10,0,ba,heavy
就必须把自己出身的河本派摆到重要地位,8,old,8,0,ba,medium
美国将把从南朝鲜撤军的人数降到最低限度,9,old,10,0,ba,medium
把难于兑现的事情说成是可行的,7,old,10,0,ba,medium
北约一向把苏联在东欧国家的驻军视为对西方安全的威胁,2,new,10,3,ba,light
把给予安盟的军事援助由过去每年１０００多万美元增加到去年的５０００多万美元,9,old,1,0,ba,medium
地质家们曾把它比作一个摔碎了的盆子又踏了一脚,1,old,1,1,ba,light
只要把地下情况吃透,4,old,0.5,1,ba,light
必须是把优势的勘探力量，放到地质认识程度比较深、地质评价比较高的地区,7,old,10,0,ba,medium
把住房当作纯福利而不当作商品,2,old,0.5,4,ba,light
把买彩电、冰箱的钱花在住房上、总有点儿不情愿,7,new,10,0,ba,medium
大家一直把解决住房的希望都放在国家和企业的投资上,7,new,10,0,ba,medium
同时把国家、企业的责任放在一个与它们能力相适应的地位,7,old,10,0,ba,medium
把三方面的积极性加在一起解决问题,7,old,10,0,ba,medium
把科技转化工作列入任期目标进行考核,6,old,1,1,ba,medium
真正把科研方向转到勘探开发关键工艺技术攻关丘,4,old,10,0,ba,light
尽快把分注和防腐等主要科研成果应用到生产中去,12,old,5,0,ba,heavy
应当立即把职能转变到新技术的引进和推广上,2,new,10,0,ba,light
我们一定要把多种经营切实纳入议事日程抓紧抓好,4,old,1,3,ba,light
总公司把发展多种经营提到战略高度,6,old,1,1,ba,medium
这就要求我们一定要把为主体产业筹集资金、为生产生活服务、解决内部就业和安置问题、提高石油工业总体经济效益作为发展多种经营的基本任务,39,new,10,0,ba,heavy
把努力开拓国际市场，在参与国际竞争中发展和壮大自己，作为石油工业的三六战略之一,23,new,10,0,ba,heavy
把对外开展的各种形式的活动推向一个新的更高的阶段,12,old,10,0,ba,heavy
把＂拳头＂产品打到国外去,4,new,10,0,ba,light
把对外活动搞得卓有成效,4,old,10,0,ba,light
硬是把两家工厂＂联合＂起来,4,old,0.5,0,ba,light
把世界历史设想成一帆风顺向前发展,4,new,10,0,ba,light
别人连班顶多连一个,2,old,10,0,can,light
打甜水井１眼,3,new,10,0,can,light
北京市监狱关押着三十多名反革命犯,8,new,10,1,can,medium
规定各国要协调一致抛出美元干预外汇市场以稳定汇率,2,old,1,1,can,light
现在送饭送水的北京市民已相当稀少乃至绝迹,1,new,10,0,can,light
一位老者告诉记者,2,old,4,0,can,light
指点正在崛起的浦东新区,9,old,2,0,can,medium
那是一片抓一把可以挤出油的丰腴之地啊,1,new,10,0,can,light
党给了我新的生命,1,old,1,2,can,light
乔石迈着稳重的步于向焦裕禄墓走去,4,new,10,0,can,light
撞到路边的铁邮筒上了,6,new,10,0,can,medium
另一位护士推着轮椅在小院里漫步,2,new,10,0.5,can,light
一个身着灰色西服的中年人接过话筒,2,old,1,0,can,light
已在铁窗下当了教师,2,new,10,0,can,light
战士郭生明为了争一块放衣服的地方,2,new,10,0,can,light
他是怀着深深的痛苦说这番话的,3,old,10,0,can,light
要接小王去参加外婆的６０寿辰,2,old,0.5,1,can,light
喊住一辆过路汽车,6,new,10,0,can,medium
她要人拉着架子车专程送她到焦裕禄坟前,3,new,10,0,can,light
他想到了自己的责任,5,new,10,0,can,light
一些小摊小贩乘机抬高食品的价格,5,new,10,0,can,light
做丈夫的接过话茬,2,new,10,0,can,light
小靳丢开自行车,3,new,10,0,can,light
却放下了壶,1,new,10,0,can,light
他竟收到了工厂的回信,5,new,10,0,can,light
他请中国大使转达他对杨主席以及其他中国领导人的问候,4,old,10,1,can,light
指挥向潮济乡调运食品,2,new,10,2,can,light
治疗２０例细菌痢疾患者,9,new,10,0,can,medium
高能＂为此每年投入三、四十万元开展市场调查,5,new,10,0,can,light
小心翼翼推出老模范那辆５０年代买的自行车,14,new,10,3,can,heavy
老党员吕安永接着从屋里搬出老模范生前接待群众来访用的１２个小板凳,19,new,10,0.5,can,heavy
两位白发苍苍的老人一时忘了年龄,2,new,10,0,can,light
人们称颂他为社会扫除了一大垃圾,4,new,10,0,can,light
七嘴八舌推选＂老秀才＂范书进执笔,6,old,1,0.5,can,medium
这时候还放不下架子,2,new,10,0,can,light
可是他们一听说沈阳建起个商业城,3,old,0.5,1,can,light
极大地推动了纺织工业和服装业的发展,11,old,10,0,can,heavy
为抢救群众的生命和国家财产,10,new,10,0,can,heavy
我们投入相等的人力、物力、财力进行勘探,9,new,10,0,can,medium
他为什么早就准备好多张假身份证,6,old,3,1,can,medium
大家一边用毛巾擦汗,1,old,1,0,can,light
除中央放着一块小巧玲珑灰白石头,10,new,10,0,can,heavy
大家用历史和现实说明严是爱、松是害的道理,6,new,10,0,can,medium
老段接过话茬,2,old,10,0,can,light
章大使在递交国书时,2,old,1,0,can,light
小伙子们纷抢新娘的陪嫁－－棉种,7,old,3,0,can,medium
给美国经济输了血,1,new,10,0,can,light
脖子上围着白毛巾,3,new,10,0,can,light
我开发电机,3,old,0.5,0,can,light
并当场让人登上仓顶用电子测温仪进行了测试,2,new,10,0,can,light
国土部门至今不予发放房产所有权证、用地使用证和房屋产权证明书,19,new,10,0,can,heavy
不容分说扶他离开危房,1,old,0.5,0,can,light
做更细的工作,5,new,10,0,can,light
要照顾好江泽民同志,5,old,1,10,can,light
谁拉来投资者,3,old,1,1,can,light
一位中层干部放下手中的武侠小说后申辩,7,new,10,0,can,medium
并通过民间渠道放出＂归还两岛＂和＂共同管理四岛＂等试探性气球,17,new,10,0,can,heavy
这种模式的核心是打破铁饭碗和论资排辈,8,new,10,0,can,medium
日本经济却因采取紧缩银根的金融政策而自我放慢发展速度,4,new,10,0,can,light
昔日的＂要钱树＂变成了如今的＂摇钱树＂,6,old,10,0,can,medium
这家公司抓住国庆前后的有利时机,9,new,10,0,can,medium
托运行李等,2,new,10,0,can,light
当场落实了费用,2,new,10,0,can,light
战友托他们办私事,2,old,1,1,can,light
在国家紧缩银根之际,2,new,10,0.5,can,light
可恰恰忘了自己,2,old,1,2,can,light
我们就能够提高国民经济的效率,7,new,10,0,can,medium
加强销售无非是张三夺李四的饭碗,5,new,10,0,can,light
许多居民不得不跑很远的路到郊区去砍树当做饭的燃料,5,new,10,0,can,light
去年补交了３５００元税款,7,new,10,0,can,medium
秋上老头子闹着种麦,1,new,10,0,can,light
莱芜市的一位干部列出这样一个＂公式＂,6,old,10,1,can,medium
汉正街一改往日沸沸扬扬的喧闹情景,11,new,10,0,can,heavy
象撒下一条条金色丝线,7,new,10,0,can,medium
用６６安精神修建西延铁路,4,old,1,0,can,light
天津市电影公司坚持向观众推荐优秀影片,4,new,10,0,can,light
１９８７年由农业部推出＂菜篮子工程＂,5,new,10,0.5,can,light
在场记者纷纷举起摄像机、照相机、录音机、紧紧包围着这两位对手,5,old,3,0,can,light
分别镶嵌着显示这里１９３１年、１９５４年、１９８３年的最高水位标志牌,27,new,10,,can,heavy
此处不妨开列一些,2,old,10,0,can,light
穿着袜子站在南宁广西电子商场里那用红绒布铺成的彩电展示台上,2,new,10,0,can,light
简直无插足之地,1,new,10,0,can,light
老人是硬撑着病弱的身子来和儿子圆月的,5,new,10,0,can,light
无情的数字告诉了人们一个难以置信、却又不得不接受的事实,16,new,10,0,can,heavy
仿佛更通人性,2,new,10,0,can,light
靠的是抛弃了社会主义企业必须坚持的东西,13,new,10,1,can,heavy
上海的改革开放由此掀开了新的一页,4,new,10,0,can,light
手里带着一本我在美国写的刚出版的《工程控制论》,17,new,10,2,can,heavy
高速度为什么没有带来高效益,3,old,10,0,can,light
舍得花钱搞基建,2,new,10,0,can,light
在废墟中掏扒药品,2,old,0.5,1,can,light
顶住了一切风浪,4,new,10,0,can,light
领导几次提出调他到轻岗位工作,1,old,1,10,can,light
却经常告诉父母＂今日无课＂,4,new,10,0,can,light
白晰的脸上还戴着一副高度数的近视镜,9,new,10,0,can,medium
项玉清便召开支部大会讨论如何学习熊云清,3,old,2,0,can,light
送来了请假信和请柬,6,new,10,1,can,medium
我这些钱就是准备投进去作生产基金用的,4,old,10,0,can,light
北京荧光灯厂３１岁的工人任志庆和妻子带着两岁的儿子照完生日照片正路过此处,4,new,10,0,can,light
可病人住院须先交押金,2,new,10,0,can,light
又引发了多种老年疾病,6,new,10,0,can,medium
他给戒严部队汇去１０００元人民币,6,new,10,0,can,medium
要注意培养下一代接班人等重大问题,6,new,10,0,can,medium
却给亿万人民送来了温暖和光明,5,new,10,0,can,light
对其产品能否定上市场变为商品却不甚关心,2,new,10,0,can,light
沈太福便打出了＂机电开发＂的旗号,7,new,10,0,can,medium
只要我能马上拿到钱,1,old,3,0,can,light
街对面摆摊人停了手中的活,4,new,10,0,can,light
这被统称为＂雅尔塔体制＂,5,new,10,1,can,light
为调动其工作和成才的积极性,10,new,10,0,can,heavy
部队派来汽艇,2,new,10,0,can,light
连队对其作出处分时,2,old,2,0.5,can,light
匈牙利和苏联已于１月２３日就全部撤出驻匈苏军达成原则协议,4,old,1,0,can,light
柳州站有专人专车接送海南旅客,4,new,10,0,can,light
担心是不是搞资本主义,4,new,10,0,can,light
１９９０年东北三省工业总产值仅比上年增长０．６％,2,old,2,0,can,light
改变经营意识,4,new,10,0,can,light
不仅节省时间,2,new,10,0,can,light
法国已经作好一切战斗准备,6,new,10,0,can,medium
市场摆满菜摊子,3,new,10,0,can,light
就赶上了铸造厂扭转＂生产上瓶子口＂被动局面的大会战,10,new,10,0,can,heavy
谈判双方未能消除彼此之间的严重分歧,9,new,10,0,can,medium
而如果没有经济的迅速发展作基础,2,new,10,0,can,light
琳琅满目地陈列着从高级组合音响、大屏幕电视到家用绞肉机、剃须刀之类的各种家用电器、灯饰、钟表、精美首饰、文具、服装、皮具、化妆品系列等,50,new,10,0,can,heavy
安置富余人员,4,new,10,0,can,light
太原市市长善纳市民建议,4,new,10,0,can,light
排除干扰,2,new,10,0,can,light
就会葬送特区党员干部和广大群众共同奋斗的成果,18,new,10,0,can,heavy
才能推进反腐败斗争长期顺利地开展,4,old,2,0,can,light
帮助南方国家摆脱困境,2,old,10,0,can,light
降低利率的金融政策,2,new,10,0,can,light
说明德国统一的问题,7,old,1,0,can,medium
正视困难而勇于克服困难,2,old,2,0.5,can,light
还有再增加几亿吨储量的可能,5,old,10,0,can,light
不仅前几年改革已逐步破除的企业吃国家大锅饭,5,new,10,0,can,light
会连续不断地释放大量氧气供金鱼呼吸,4,old,10,0,can,light
主人不必花费很多钱,3,new,10,0,can,light
美国要求日本开放大米市场,4,new,10,0,can,light
少放草食性鱼类,5,new,10,0,can,light
加上小贩的叫卖声和小孩的哭闹声,13,new,10,0,can,heavy
转换企业经营机制,6,new,10,0,can,medium
北约和华约应用同一飞机、同种仪器联合进行监测飞行,8,new,10,0,can,medium
确实需要我们彻底转变长期形成的习惯认识和传统观念,14,new,10,0,can,heavy
并按有关规定缴纳一切费用方可施工,4,new,10,0,can,light
要真正提高产品质量,4,old,2,1,can,light
为推进改革、建设和发展服务,9,new,10,0,can,medium
最近刚刚取代中曾根派会长樱内义雄而打起渡边派旗号的渡边美智雄还想利用这一机会,5,old,10,0,can,light
搞好滚动勘探的目的正在于此,4,old,10,0,can,light
自民党联合公明党和民社党两个在野党,12,new,10,0,can,heavy
我不禁想起两件有趣的小事,7,new,10,0,can,medium
不能把一些迫不得已的＂下策＂误当成＂上策＂加以肯定和倡导,9,new,10,0,ba,medium
更在于错把它当作＂保持稳定＂和＂反对分配不公＂的思想武器,1,old,0.5,1,ba,light
如果把稳定当成静止,2,old,0.5,0,ba,light
譬如把国务院赋予企业的生产经营计划权、资金使用权、工资奖金权，人事劳动管理权等权力或多或少，公开或变相收回去,35,new,10,0,ba,heavy
把眼前利益与长远利益结合起来,9,new,10,0,ba,medium
象清道夫一样把玻璃擦得干净、透明,2,old,0.5,0,ba,light
如果把广州正常的生产、工作、生活秩序搞乱了,13,new,10,0,ba,heavy
把交通搞瘫痪了,2,new,10,0,ba,light
把广州社会秩序搞乱了,6,old,3,0,ba,medium
是把＂雄授＂封闭起来,2,old,10,2,ba,light
如果把那些充满生机的企业集团比喻为＂龙＂＂凤＂,11,old,10,0.5,ba,heavy
如果把一个封闭型的企业比喻为＂鸡＂,8,old,10,0,ba,medium
要把这瑰丽的蓝图变为现实,6,old,10,0,ba,medium
带领群众把深圳的各项事情办好,7,old,10,0,ba,medium
我们可以通过把改革开放中行之有效的规章上升为法律,12,old,10,0,ba,heavy
从而把深圳真正建成一个只有国际性功能,2,old,5,0.5,ba,light
把深圳建成多功能、现代化的国际性城市,2,old,0.5,0,ba,light
中国共产党能把日寇打得落花流水,2,new,0,0,ba,light
把管理工作提高一步,4,new,0,0,ba,light
把特区事业搞得更好,4,old,6,0,ba,light
同心协力把特区的事情办好,5,old,10,0,ba,light
防止它们把水搞混,1,new,10,0,ba,light
把这种积极性释放出来了,5,old,1,0,ba,light
把这条指导方针落到了实处,6,old,0.5,0,ba,medium
首钢把社会主义的基本原则同现代化大生产的实际相结合,19,old,10,0,ba,heavy
这就把马克思主义关于社会主义的基本原理，社会主义的本质特征，我们党的基本路线，以及我们党在社会主义建设中积累的丰富经验，统统模糊化了,53,old,10,1,ba,heavy
是要把这些被模糊了的问题重新加以澄清,9,old,10,0,ba,medium
把我们的改革开放事业推进一步,9,old,1,0,ba,medium
真正把自己的作风搞扎实,5,old,10,0,ba,light
从而把各项工作落到实处,4,old,0.5,0,ba,light
就把这一段时间耳闻目睹的情况向关注我们的海内外同胞作一介绍,12,old,10,0,ba,heavy
一些从京返回的同学把一时一地的现象当成整体形象了。,7,new,10,0,ba,medium
而且把乘车路线也都规划好,4,new,10,0,ba,light
准备把名胜古迹逛个够,4,new,10,0,ba,light
把天安门广场作为＂根据地＂,5,old,0.5,2,ba,light
一些同学咽完饮料后随手把瓶一扔,1,new,10,0,ba,light
吃完榨菜后把包装纸扔在脚边,3,new,10,0,ba,light
现在我把这些理由归纳一下,4,old,0.5,0,ba,light
把我们赶走不成,2,old,0.5,1,ba,light
要把依靠监测同面向管理看作统一的不可分割的整体,9,old,10,0,ba,medium
而把贫困与疾病、环境污染与生态恶化的灾难留下,17,new,10,0,ba,heavy
把它作为一项基本国策,1,old,0.5,2,ba,light
不能把环境与发展割裂开来,5,old,10,0,ba,light
把环境保护作为一项基本国策,4,old,0.5,1,ba,light
把它放在重要的战略地位,1,old,0.5,0,ba,light
这就进一步明确了城市政府应该把环境建设、环境保护作为自己的主要职能,8,old,2,0,ba,medium
把贯彻执行环境保护这项基本国策作为工作重点,14,old,10,0,ba,heavy
要把城市环境综合整治的重点放在防治工业生产和群众生活所造成的大气和水体的污染上,11,old,0.5,0,ba,heavy
把它很好地分解落实到有关部门和单位,1,old,0.5,0,ba,light
反而把街道上搞得很脏,3,old,4,0,ba,light
其次是工业部门只把眼睛盯在城市市场上,2,new,10,0,ba,light
工业部门应首先把农村市场当作其巨大的目标市场,4,old,2,2,ba,light
拉开了把太原建成文明卫生城市的序幕,2,new,10,1,ba,light
好多地方竟把它蔓延到大街上,1,old,2,0,ba,light
我看不妨把那垃圾车改造改造,4,old,4,0,ba,light
海珠区规划土地管理处已把这宗违章建筑向市规划局建筑管理处汇报,6,old,5,0,ba,medium
并把一段防洪堤坝也占用了,6,new,10,0,ba,medium
把原来的农民作宅用地限额降为每户８０平方米,11,new,10,0,ba,heavy
要是把它降价处理了,1,old,3,0,ba,light
可要说把它砸了,1,old,1,0,ba,light
这次质量检查把我们厂的水泥定为不合格产品,6,new,10,0,ba,medium
如果把商品装璜、商品陈列比作＂硬件＂的话,8,new,10,0,ba,medium
那些把本来属于自己职责范围的正常工作当成所谓＂创收＂手段,15,new,10,0,ba,heavy
对已经投入的要把工作重心放到产出上,4,new,10,0,ba,light
把各项工工作推上新台阶,5,old,10,0,ba,light
这样把廉政与勤政紧紧连在一起,6,old,1,0,ba,medium
有的人对把自己所在部门列为重点,6,new,10,0,ba,medium
把深圳建成现代化、国际性城市,2,new,10,0,ba,light
努力把各项事业推向前进,4,new,10,0,ba,light
我们也可把经商的人称为商客,4,new,10,0,ba,light
这种不惜损害国家利益的＂待客＂态度最终却把杰麦集团给＂吓＂跑了,4,old,4,0.5,ba,light
如今不少企业把市场促销的＂宝＂，押在有奖销售上了。,6,new,10,0,ba,medium
把企业推向了市场,2,old,0.5,0,ba,light
把合理的尽力合法化,3,new,10,0,ba,light
全力当好勤务员,3,new,10,0,can,light
特区要当好建设有中国特色的社会主义的排头兵,16,new,10,0,can,heavy
金泳三为了争当下届总统,4,old,8,0,can,light
还是收缩阵地,2,new,10,0,can,light
本市各行各业都要结合自己的工作任务,6,new,10,0,can,medium
三团五伙地义务擦栏杆,2,new,10,0,can,light
乱搞违章建筑,4,old,2,2,can,light
决不允许在绿化带乱搞违章建筑,4,old,1,1,can,light
允许黎某在该地上＂搞种养业、建厂、建住宅＂等,9,new,10,0,can,medium
门户封了两道关（木门外加铁门）应该不至于说撬就被撬,3,new,10,0,can,light
深圳的＂特惠＂政策变成了＂普惠＂政策,4,new,10,0,can,light
何不用这些精力认真去办点事情,2,new,10,0,can,light
有的还要升起几个气球,4,new,10,0,can,light
建立＂小金库＂,3,new,10,0,can,light
建立社会主义市场经济体制,10,new,10,0,can,heavy
海部总算相继打掉安倍派和渡边派的要求,10,new,10,0,can,heavy
两国在年底前均提高了利率,2,old,2,2,can,light
搞好滚动勘探的目的正在于此,4,old,10,0,can,light
这是我们办好一切事业的基础,4,new,10,1,can,light
搞地方保护主义,6,new,10,0,can,medium
宣布无条件释放前非国大领导人曼德拉和一些政治组织的成员,20,new,10,0,can,heavy
在落实市委一届五次全体（扩大）会议和市府第四次全体（扩大）会议的各项战略部署中,20,new,10,0,can,heavy
会议将结合深圳实际,4,new,10,0,can,light
实在无东西可写就在题目上做文章糊弄读者,2,new,10,0,can,light
做必要的澄清事实的工作,2,new,10,0,can,light
为推进改革、建设和发展服务,9,old,2,0,can,medium
又不搞群众运动,4,old,10,0,can,light
正当举国上下集中精力贯彻落实全国＂两会＂精神之际,6,new,10,0,can,medium
当老编,2,new,10,0.5,can,light
进一步规划好城市建设,4,old,0.5,0,can,light
就冷冷地扔过来一个２０厘米锅圈,8,old,1,1,can,medium
在全省追赶＂四小龙＂的进程中,3,new,10,0,can,light
却计划在海湾保留一支强有力的海军力量,10,new,10,0,can,heavy
一位中层干部放下手中的武侠小说后申辩,7,new,10,0,can,medium
为了落实中央的有关精神,7,old,10,0,can,medium
建设有中国特色的社会主义现代化强国,15,new,10,0,can,heavy
天津在改造旧城区时还新建了一条文化街,3,new,10,0,can,light
本报连续报道了有关＂黑熊事件＂和野生动物保护问题,15,new,10,0,can,heavy
竟再占用大片土地,4,old,10,0,can,light
大大降低政令的威信,5,new,10,0,can,light
法国同美国处理这一危机的立场并不完全一致,4,old,0.5,0,can,light
您现在听到的声音是济南箱包总厂正在砸毁一批箱子,4,old,1,3,can,light
欧共体将保留制定内部市场政策的独立性,6,new,10,0,can,medium
特别是德国统一问题已给共同体建立统一市场和推动一体化进程增添一层阴影,5,old,7,0,can,light
这两处电话连着改革开放的大业,7,old,0.5,0,can,medium
建设精神文明、振兴民族文化,4,new,10,0,can,light
继续推进改革开放,4,old,10,0,can,light
村里人称这座庙为＂关帝庙,3,old,2,1,can,light
大胆推出一些符合市情的规章条文,11,new,10,0,can,heavy
说就是为了调配相优化各种社会机制,6,new,10,0,can,medium
祁东县和长沙县把业余体校和体育传统项目学校合二为一,13,new,10,0,ba,heavy
沙米尔讲话的意图在于要把这９７万巴勒斯坦人赶到东岸约旦去,10,old,2,0,ba,heavy
报告把中国政府为人民做的一些好事，也都说成是坏事,13,new,10,0,ba,heavy
把主要攻击矛头指向中国,6,new,10,0,ba,medium
把我国建设成为富强、民主、文明的社会主义现代化国家,2,old,0.5,2,ba,light
把建立中国共产党领导的各革命阶级各革命派别的统一战线，称作是战胜敌人的主要武器之一,25,new,10,0,ba,heavy
要把这些方针、政策和措施真正落到实处,11,old,1,0,ba,heavy
把自己培养成有理想、有道德、有文化、有纪律的社会主义建设者,2,old,10,0,ba,light
标志着我们党在把马克思主义的普遍真理同中国建设和改革的具体实践相结合的道路上,23,new,10,0,ba,heavy
有利于把社会各方面、各阶层的力量调动和组织起来,11,new,10,0,ba,heavy
如何使这些群众组织把群众团结得更紧密,2,old,1,2,ba,light
才能把我们的事业顺利推向前进,5,new,10,0,ba,light
把这方面的工作切实抓好,6,old,0.5,1,ba,medium
把自己的意志强加于人,5,new,10,0,ba,light
他们究竟要把中美关系引向何方,4,old,0.5,2,ba,light
把农田水利建设放在农业生产的首位,6,new,10,0,ba,medium
努力把市场波动给农民造成的损失减少到最小,12,new,10,0,ba,heavy
这主要是由于我们党把马克思主义的基本民族理论同我国的民族实际紧密结合,20,new,10,0,ba,heavy
把贯彻＂百花齐放、百家争鸣＂的方针和贯彻民族政策，促进民族团结紧密结合起来,26,old,10,0,ba,heavy
为了把全民义务植树运动扎扎实实、卓有成效地开展下去,8,old,3,0,ba,medium
把自己的命运和人民的事业紧密联系在一起,11,new,10,0,ba,heavy
把自己的一切包括宝贵的生命都献给了人民,13,new,10,0,ba,heavy
把本职工作做好,4,old,0.5,0.5,ba,light
把光明和温暖留给人间,5,new,10,0,ba,light
我们愿把这地层打穿,3,new,10,0,ba,light
愿把这煤海掏净,2,new,10,0,ba,light
可却把它放在不知何时才能实现的＂中程＂阶段,1,old,0.5,0.5,ba,light
把航空母舰开到另一个主权国家哥伦比亚门口,4,new,10,0,ba,light
并且把日益加剧的美日经济摩擦同防卫问题联系起来,16,new,10,0,ba,heavy
９０年代新一轮深层次的改革则应把重点转到经济机制的转换上来,2,new,10,0,ba,light
努力把上海建成万商云集的商业中心,2,old,1,0,ba,light
有些同志总是习惯于把计划经济等同于社会主义经济,4,new,10,0,ba,light
不能把利用外资同自力更生对立起来,9,new,10,0.5,ba,medium
把灾害造成的损失降到最低程度,7,old,1,0,ba,medium
归根结底取决于能不能把经济建设搞上去,4,new,10,1,ba,light
把立国之本和强国之路密切结合起来,9,new,10,0,ba,medium
各级领导要把群众的冷暖时刻放在心上,5,new,10,0,ba,light
要把广大农民群众的积极性引导到大搞农田水利建设上来,10,new,10,0,ba,heavy
也要更多地把人家的好东西拿来,6,new,10,0,ba,medium
逐步把经济搞上去,2,new,10,0,ba,light
当厂长在职工大会上把＂全厂职工每人下浮一级工资，背水一战，扭亏增盈＂的改革方案交付表决时,25,new,10,0,ba,heavy
许多人不约而同地把眼光投向晁师傅,2,new,10,0,ba,light
必须坚持把加强农业放在首位,4,old,1,0,ba,light
把我们的改革开放事业进一步推向前进,9,old,0.5,0,ba,medium
把党和国家工作的着重点转移到以经济建设为中心的现代化建设上来,10,new,10,0,ba,heavy
把宏观调控的各项任务落到实处,9,old,8,2,ba,medium
把改进和加强宏观调控、解决经济中的突出问题，变成加快改革、建立社会主义市场经济体制的动力,19,old,0.5,1,ba,heavy
把党中央、国务院采取的一系列宏观调控措施，都说成是计划经济下的行政手段,18,new,10,0,ba,heavy
那种把宏观调控和加快发展对立起来的观点,9,old,1,1,ba,medium
把广大干部和群众建设社会主义的积极性引导好,17,new,10,0,ba,heavy
教育活动要结合不同地区、不同部门、不同对象的实际进行,15,new,10,0,can,heavy
赶走了侵略者,3,new,10,0,can,light
要给大家说明道理,2,new,10,0,can,light
成为指引全国人民胜利前进的行动纲领,8,new,10,0,can,medium
在建设有中国特色的社会主义道路上阔步前进,10,new,0,1,can,heavy
难怪有人称它是＂中国第一戏剧大篷车＂,1,old,1,0,can,light
要真正落实加强和改善宏观调控的各项任务,14,old,10,0,can,heavy
也培养锻炼了一批具有＂四有＂、＂四自＂精神的成功的女性,17,new,10,3,can,heavy
本市各行各业都要结合自己的工作任务,7,new,10,0,can,medium
这两个方面军调动了体教双方的积极性,8,old,10,0,can,medium
团结广大劳动人民,6,new,10,0,can,medium
推进政治体制改革,6,old,2,0,can,medium
甘肃省坚持不懈抓好粮食生产的成效,4,old,1,2,can,light
引导资金、科技和劳动的投入,10,new,10,0,can,heavy
一是在对农民加强思想教育的同时,4,new,10,0,can,light
儿子的枕下已放满了武侠小说、黄色书刊,8,new,10,0,can,medium
美国虽然赞成减少武器扩散,4,old,10,0,can,light
结合萨满教信仰的有关民族的一些事例,5,old,1,0,can,light
结合弗雷泽、任继愈的观点进行分析,9,new,10,0,can,medium
开展全民义务植树运动,8,old,7,0,can,medium
是党联系群众的桥梁和纽带,2,old,0.5,3,can,light
让我们每个人都为振兴中华贡献出一份力量吧,4,new,10,0,can,light
都来做促进群众解放思想、开动脑筋的工作,15,old,10,0,can,heavy
留下了许多动人的故事,7,new,10,0,can,medium
美国政府打错了算盘,2,new,10,0,can,light
他从衣兜里掏出早就准备好的一千元钱,10,new,10,1,can,heavy
不得不放慢了扩张脚步,4,new,10,0,can,light
中国的儒学也由于佛教的滋润而开出了宋明理学的新境界,8,old,10,0,can,medium
假借鬼、神、符、簏来联系群众,2,new,10,0,can,light
0,2,new,10,0,can,light
通过建立犹太移民居住点,7,old,10,0,can,medium
就等于抓住了深圳的未来,8,old,10,0,can,medium
大大降低政令的威信,5,old,10,0,can,light
为搞好民族工作提供了根本的保证,4,old,10,0,can,light
少放草食性鱼类,5,new,10,0,can,light
就是引导人民群众认识自己的利益,4,old,2,1,can,light
我们希望台湾当局拿出实际行动,4,new,10,0,can,light
进一步搞好治理整顿和深化改革,9,new,10,0,can,medium
１０５位英国议员向议会提交了一份动议,4,new,10,0,can,light
我们投入相等的人力、物力、财力进行勘探,9,new,10,0,can,medium
国土部门至今不予发放房产所有权证、用地使用证和房屋产权证明书,19,new,10,0,can,heavy
中国平息了一场以推翻合法政府和改变社会主义制度为目的的动乱和反革命暴乱,13,new,10,0,can,heavy
很快便扭转了这种局面,4,old,10,,can,light
是＂和平转变大陆＂,2,old,0.5,1,can,light
另一方面又要劝说美国不要采取报复性行动,2,old,1,1,can,light
领导者的责任主要是正确地引导农民按照市场需要组织和发展生产,2,old,0.5,1,can,light
是把人类与众生身心性命的本能效用，发挥到最大与极限的功能,14,new,10,0,ba,heavy
如果把修建＂介仁布＂小庙的时间算进去,10,old,10,0,ba,heavy
人们把他视为,1,old,1,1,ba,light
如果把这个曲线的任何一个片断或小段夸大为独立的完整的直线,14,old,10,0,ba,heavy
如果人们把认识的这一＂片断＂夸大,7,old,0.5,0,ba,medium
你也就把人和自然界抽象掉了,6,old,0.5,0.5,ba,medium
这种追问同样是把认识的某一片断无限夸大造成的,7,old,10,0,ba,medium
把自己看成一个从属的存在物,2,old,0.5,2,ba,light
在那里统治阶级的阶级利益就会把它巩固起来,1,old,0.5,1,ba,light
伊斯兰教法把人的行为分为五类,1,new,10,0,ba,light
一面又把大量的财物用于求神拜佛、做鬼祭祖,5,new,10,0,ba,light
即把尘世间的众生普渡回天宫,6,new,10,0,ba,medium
就会把不愿斋戒的人挡在教门之外,6,new,10,0,ba,medium
把世界分成三个时期,2,new,10,0,ba,light
八卦教的经卷又把孔夫子塞了进去,3,new,10,2,ba,light
把他变成了弥勒佛的化身,1,old,0.5,2,ba,light
显然这是把民间宗教传统的＂救世主＂弥勒佛和尘世间的＂圣人＂孔夫子融为一体了,23,old,0.5,0,ba,heavy
就很可能改变反宗教的态度,5,old,10,0,can,light
融合儒佛,2,old,3,0,can,light
并进一步发挥成＂菩提本无树，明镜亦非台＂、人生是＂四大皆空＂的理论,20,new,10,0,can,heavy
开始算清了为那九十万斤粮票他应付出的巨大代价,17,new,0,1,can,heavy
这说明古代学者极重视传统宗教祭祀,6,old,1,1,can,medium
在大乘佛教的立场看恶魔,2,new,0,0.5,can,light
清廷为了巩固已占领的土地,6,old,1,0,can,medium
用＂以蒙治蒙＂的政策,7,new,10,0,can,medium
以资普渡众生,2,new,10,0,can,light
以分散统治阶级的注意力,8,new,10,0,can,medium
膨胀的库存堵塞了企业生产经营的良性循环,11,new,10,0,can,heavy
